{
  "alpha": 0.0048821215459534505,
  "l1_ratio": 0.5942991987923706
}