{
  "C": 0.07738105564165937,
  "epsilon": 0.07166120280224604,
  "gamma": "scale"
}